{"cameraMode":{"drawMode":0,"name":"Shaded","section":"Shading Mode"},"sceneLighting":true,"audioPlay":false,"sceneViewState":{"showFog":true,"showMaterialUpdate":false,"showSkybox":true,"showFlares":true,"showImageEffects":true,"showParticleSystems":true},"in2DMode":false,"pivot":{"x":-19.69089126586914,"y":3.4666898250579836,"z":-2.459933280944824},"rotation":{"x":-0.5841370224952698,"y":0.3525404632091522,"z":-0.31126606464385989,"w":-0.6615760326385498},"size":0.3844180107116699,"orthographic":false}