{"cameraMode":{"drawMode":0,"name":"Shaded","section":"Shading Mode"},"sceneLighting":false,"audioPlay":false,"sceneViewState":{"showFog":true,"showMaterialUpdate":false,"showSkybox":false,"showFlares":true,"showImageEffects":true,"showParticleSystems":true},"in2DMode":false,"pivot":{"x":0.18348142504692079,"y":0.12160667777061463,"z":-0.33153605461120608},"rotation":{"x":-0.39831024408340456,"y":-0.024205593392252923,"z":0.010536836460232735,"w":-0.9169086813926697},"size":0.3464101552963257,"orthographic":false}