{"cameraMode":{"drawMode":0,"name":"Shaded","section":"Shading Mode"},"sceneLighting":false,"audioPlay":false,"sceneViewState":{"showFog":true,"showMaterialUpdate":false,"showSkybox":false,"showFlares":true,"showImageEffects":true,"showParticleSystems":true},"in2DMode":false,"pivot":{"x":-0.006512360647320747,"y":0.003678560256958008,"z":0.08844105154275894},"rotation":{"x":-0.6855432987213135,"y":0.052679236978292468,"z":-0.049864012748003009,"w":-0.7244521379470825},"size":1.6354281902313233,"orthographic":false}